{"stats":{"minecraft:killed_by":{"minecraft:zombie":1,"minecraft:skeleton":1},"minecraft:custom":{"minecraft:jump":48,"minecraft:time_since_rest":101,"minecraft:damage_dealt":0,"minecraft:deaths":2,"minecraft:sprint_one_cm":6040,"minecraft:play_time":4077,"minecraft:damage_taken":460,"minecraft:time_since_death":0,"minecraft:walk_one_cm":8361,"minecraft:total_world_time":4077,"minecraft:hex":0,"minecraft:damage_dealt_absorbed":6,"minecraft:fall_one_cm":2494,"minecraft:fly_one_cm":11216,"minecraft:damage_dealt_resisted":4},"minecraft:mined":{"minecraft:grass":1}},"DataVersion":3465}